{"timestamps": [1470001987.678827, 1470001987.759257], "initial_reset_timestamp": 1470001983.903462, "episode_lengths": [200, 0], "episode_rewards": [-200.0, 0]}