{"timestamps": [1467523719.786859], "initial_reset_timestamp": 1467523708.498423, "episode_lengths": [200], "episode_rewards": [-200.0]}